DA,Source,Target,Indexed,Source_url,Target_url
35,‘Hand-picked tea tastes better than automated plucked tea’ - Stories About Tea  ed-plucked-tea/,tea infuser Mosi,2025-06-13,"=HYPERLINK(""https://www.storiesabouttea.com/hand-picked-tea-tastes-better-than-automat"", ""https://www.storiesabouttea.com/hand-picked-tea-tastes-better-than-automat"")","=HYPERLINK(""https://mositea.com/"", ""https://mositea.com/"")"
41,Best Teas and Where to Buy Them - Schimiggy Reviews,tea and coffee infusers,2025-06-14,"=HYPERLINK(""https://www.schimiggy.com/best-teas-and-where-to-buy-them/"", ""https://www.schimiggy.com/best-teas-and-where-to-buy-them/"")","=HYPERLINK(""https://mositea.com/collections/infusers"", ""https://mositea.com/collections/infusers"")"
38,The ABCD Diaries: 03/01/2022 - 04/01/2022,Explore Mosi All-in-One Infuser,2025-06-14,"=HYPERLINK(""http://www.abcd-diaries.com/2022/03/"", ""http://www.abcd-diaries.com/2022/03/"")","=HYPERLINK(""https://mositea.com/"", ""https://mositea.com/"")"
38,The ABCD Diaries: Mosi All-In-One Infuser for Healthy Tea On the Go!  tml,Explore Mosi All-in-One Infuser,2025-06-14,"=HYPERLINK(""http://www.abcd-diaries.com/2022/03/mosi-all-in-one-infuser-for-healthy-tea.h"", ""http://www.abcd-diaries.com/2022/03/mosi-all-in-one-infuser-for-healthy-tea.h"")","=HYPERLINK(""https://mositea.com/"", ""https://mositea.com/"")"
35,29+ Flavorful Summer Iced Tea Recipes to Beat the Heat – My Blog,Get the Recipe,2025-06-16,"=HYPERLINK(""https://mytastynest.com/summer-iced-tea-recipes/"", ""https://mytastynest.com/summer-iced-tea-recipes/"")","=HYPERLINK(""https://mositea.com/blogs/recipes/green-chamomile-peach-iced-tea"", ""https://mositea.com/blogs/recipes/green-chamomile-peach-iced-tea"")"
35,30+ Healthy and Tasty Greek Yogurt Ice Cream Recipes You’ll Crave – YumYumBite,Get the Recipe,2025-06-17,"=HYPERLINK(""https://yumyumbite.com/greek-yogurt-ice-cream-recipes/"", ""https://yumyumbite.com/greek-yogurt-ice-cream-recipes/"")","=HYPERLINK(""https://mositea.com/blogs/recipes/spiced-chai-latte-twist"", ""https://mositea.com/blogs/recipes/spiced-chai-latte-twist"")"
38,3 Tips For Using Loose Leaf Tea,brew great tea each and every time  3,2025-06-20,"=HYPERLINK(""https://thishomemadelife.com/blog/3-tips-for-using-loose-leaf-tea/"", ""https://thishomemadelife.com/blog/3-tips-for-using-loose-leaf-tea/"")","=HYPERLINK(""https://mositea.com/products/mosi-tea-infuser?variant=3937961364702"", ""https://mositea.com/products/mosi-tea-infuser?variant=3937961364702"")"
44,22 amazing Father's day gifts for dad + Laptop giveaway,$59.99  9,2025-06-21,"=HYPERLINK(""https://geekspin.co/fathers-day-gifts-for-dad/"", ""https://geekspin.co/fathers-day-gifts-for-dad/"")","=HYPERLINK(""https://mositea.com/products/all-in-one-infuser?variant=3937957668471"", ""https://mositea.com/products/all-in-one-infuser?variant=3937957668471"")"
34,River Wise Ventures – River Wise Ventures is a self-funded search fund that leverages industry experience and shared wisdom to g,-,2025-06-22,"=HYPERLINK(""https://riverwise.net/"", ""https://riverwise.net/"")","=HYPERLINK(""http://www.mositea.com"", ""http://www.mositea.com"")"
36,35 Unbelievable Last Minute Gifts Under $50 - She Explores Life,Shop Now  5,2025-06-22,"=HYPERLINK(""https://sheexploreslife.com/lifestyle/unbelievable-last-minute-gifts-under-50/"", ""https://sheexploreslife.com/lifestyle/unbelievable-last-minute-gifts-under-50/"")","=HYPERLINK(""https://mositea.com/products/all-in-one-infuser?variant=4189663854609"", ""https://mositea.com/products/all-in-one-infuser?variant=4189663854609"")"
45,J'adore #88: Travel Edition #7 - Misadventures with Andi,tea infuser  3,2025-06-24,"=HYPERLINK(""https://misadventureswithandi.com/jadore-88-travel-edition-7/"", ""https://misadventureswithandi.com/jadore-88-travel-edition-7/"")","=HYPERLINK(""https://mositea.com/products/mosi-tea-infuser?variant=3937961364702"", ""https://mositea.com/products/mosi-tea-infuser?variant=3937961364702"")"
